{
  "stock_code": "300054",
  "analysis_date": "2026-06-30 16:41:46",
  "statistics": {
    "latest_close": 64.89,
    "high": 92.18,
    "low": 5.41,
    "average": 19.935429326287977,
    "total_volume": null,
    "average_volume": null,
    "change_percent": 163.13868613138686
  }
}