{
  "stock_code": "600703",
  "analysis_date": "2026-06-30 16:40:12",
  "statistics": {
    "latest_close": 16.72,
    "high": 44.92,
    "low": 8.97,
    "average": 19.21214002642008,
    "total_volume": null,
    "average_volume": null,
    "change_percent": -15.169964485032988
  }
}