{
  "stock_code": "300474.SZ",
  "analysis_date": "2026-06-30 18:36:55",
  "statistics": {
    "latest_close": 62.87,
    "high": 204.0,
    "low": 19.64,
    "average": 70.56881902458686,
    "total_volume": null,
    "average_volume": null,
    "change_percent": 2.594647519582239
  }
}