{
  "stock_code": "000725",
  "analysis_date": "2026-06-30 16:58:49",
  "statistics": {
    "latest_close": 4.17,
    "high": 7.37,
    "low": 2.06,
    "average": 3.971321003963012,
    "total_volume": null,
    "average_volume": null,
    "change_percent": 61.00386100386102
  }
}