{
  "stock_code": "300476",
  "analysis_date": "2026-06-30 16:52:02",
  "statistics": {
    "latest_close": 318.02,
    "high": 392.95,
    "low": 10.22,
    "average": 48.235304445274565,
    "total_volume": null,
    "average_volume": null,
    "change_percent": 1259.059829059829
  }
}