{
  "stock_code": "300903",
  "analysis_date": "2026-06-30 17:27:16",
  "statistics": {
    "latest_close": 10.18,
    "high": 101.58,
    "low": 4.63,
    "average": 19.29441262848752,
    "total_volume": null,
    "average_volume": null,
    "change_percent": -16.83006535947713
  }
}