{
  "stock_code": "002930",
  "analysis_date": "2026-06-30 17:27:20",
  "statistics": {
    "latest_close": 14.56,
    "high": 67.09,
    "low": 9.09,
    "average": 18.719172932330828,
    "total_volume": null,
    "average_volume": null,
    "change_percent": -3.2558139534883734
  }
}