{
  "stock_code": "002065",
  "analysis_date": "2026-06-30 17:26:51",
  "statistics": {
    "latest_close": 8.51,
    "high": 46.2,
    "low": 4.28,
    "average": 12.95553500660502,
    "total_volume": null,
    "average_volume": null,
    "change_percent": -66.09561752988049
  }
}