{
  "stock_code": "300499",
  "analysis_date": "2026-06-30 18:44:09",
  "statistics": {
    "latest_close": 43.85,
    "high": 115.6,
    "low": 7.52,
    "average": 21.665397140587768,
    "total_volume": null,
    "average_volume": null,
    "change_percent": 185.85397653194264
  }
}