{
  "stock_code": "688700",
  "analysis_date": "2026-06-30 16:56:13",
  "statistics": {
    "latest_close": 44.32,
    "high": 179.82,
    "low": 17.06,
    "average": 62.448872427983545,
    "total_volume": null,
    "average_volume": null,
    "change_percent": -55.1417004048583
  }
}