{
  "stock_code": "603296",
  "analysis_date": "2026-06-30 18:41:20",
  "statistics": {
    "latest_close": 98.35,
    "high": 124.6,
    "low": 43.24,
    "average": 76.72362716763006,
    "total_volume": null,
    "average_volume": null,
    "change_percent": 2.3839267124713635
  }
}