{
  "stock_code": "002859",
  "analysis_date": "2026-06-30 16:52:21",
  "statistics": {
    "latest_close": 19.81,
    "high": 119.0,
    "low": 15.69,
    "average": 32.195505819158456,
    "total_volume": null,
    "average_volume": null,
    "change_percent": -42.21120186697784
  }
}