{
  "stock_code": "002428",
  "analysis_date": "2026-06-30 16:49:28",
  "statistics": {
    "latest_close": 101.42,
    "high": 101.51,
    "low": 4.79,
    "average": 14.889309775429327,
    "total_volume": null,
    "average_volume": null,
    "change_percent": 493.44645991808073
  }
}