{
  "stock_code": "300179",
  "analysis_date": "2026-06-30 16:46:51",
  "statistics": {
    "latest_close": 27.3,
    "high": 51.38,
    "low": 3.61,
    "average": 9.137869881109644,
    "total_volume": null,
    "average_volume": null,
    "change_percent": 279.1666666666667
  }
}