{
  "stock_code": "688521.SH",
  "analysis_date": "2026-06-30 18:36:41",
  "statistics": {
    "latest_close": 43.18,
    "high": 299.91,
    "low": 24.79,
    "average": 82.23860580325548,
    "total_volume": null,
    "average_volume": null,
    "change_percent": -15.58162267839687
  }
}