{
  "stock_code": "301018",
  "analysis_date": "2026-06-30 18:44:12",
  "statistics": {
    "latest_close": 69.46,
    "high": 168.18,
    "low": 15.5,
    "average": 39.92276897414512,
    "total_volume": null,
    "average_volume": null,
    "change_percent": 130.22870401060652
  }
}