{
  "stock_code": "603773",
  "analysis_date": "2026-06-30 16:58:53",
  "statistics": {
    "latest_close": 21.48,
    "high": 166.13,
    "low": 13.13,
    "average": 31.87492183560262,
    "total_volume": null,
    "average_volume": null,
    "change_percent": -28.35223482321548
  }
}