{
  "stock_code": "600497",
  "analysis_date": "2026-06-30 16:49:34",
  "statistics": {
    "latest_close": 10.21,
    "high": 19.79,
    "low": 3.37,
    "average": 6.726476221928666,
    "total_volume": null,
    "average_volume": null,
    "change_percent": 22.71634615384616
  }
}