{
  "stock_code": "688802.SH",
  "analysis_date": "2026-06-30 18:36:38",
  "statistics": {
    "latest_close": 605.78,
    "high": 842.97,
    "low": 491.96,
    "average": 631.1200917431194,
    "total_volume": null,
    "average_volume": null,
    "change_percent": -21.316032160438507
  }
}