{
  "stock_code": "300285",
  "analysis_date": "2026-06-30 16:52:27",
  "statistics": {
    "latest_close": 41.01,
    "high": 89.53,
    "low": 14.32,
    "average": 29.352945838837517,
    "total_volume": null,
    "average_volume": null,
    "change_percent": 29.32828760643329
  }
}