{
  "stock_code": "002046",
  "analysis_date": "2026-06-30 16:47:06",
  "statistics": {
    "latest_close": 57.43,
    "high": 65.03,
    "low": 5.42,
    "average": 12.721406869220607,
    "total_volume": null,
    "average_volume": null,
    "change_percent": 512.9135538954109
  }
}