{
  "stock_code": "605580",
  "analysis_date": "2026-06-30 16:46:45",
  "statistics": {
    "latest_close": 28.4,
    "high": 44.72,
    "low": 6.72,
    "average": 14.872816780821918,
    "total_volume": null,
    "average_volume": null,
    "change_percent": 146.52777777777777
  }
}