{
  "stock_code": "300308",
  "analysis_date": "2026-06-30 16:52:17",
  "statistics": {
    "latest_close": 1017.99,
    "high": 1367.88,
    "low": 8.92,
    "average": 91.53266842800528,
    "total_volume": null,
    "average_volume": null,
    "change_percent": 7412.841328413285
  }
}