{
  "stock_code": "688183",
  "analysis_date": "2026-06-30 16:52:05",
  "statistics": {
    "latest_close": 24.4,
    "high": 141.07,
    "low": 6.08,
    "average": 29.375706521739133,
    "total_volume": null,
    "average_volume": null,
    "change_percent": 118.83408071748877
  }
}