{
  "stock_code": "601138",
  "analysis_date": "2026-06-30 18:41:17",
  "statistics": {
    "latest_close": 20.64,
    "high": 81.05,
    "low": 8.16,
    "average": 20.481474062660507,
    "total_volume": null,
    "average_volume": null,
    "change_percent": 36.23762376237624
  }
}