{
  "stock_code": "688041.SH",
  "analysis_date": "2026-06-30 18:36:50",
  "statistics": {
    "latest_close": 77.32,
    "high": 349.19,
    "low": 37.8,
    "average": 120.57520945220193,
    "total_volume": null,
    "average_volume": null,
    "change_percent": -0.7063053807628243
  }
}