{
  "stock_code": "600172",
  "analysis_date": "2026-06-30 16:47:00",
  "statistics": {
    "latest_close": 10.76,
    "high": 29.68,
    "low": 1.83,
    "average": 7.749891017173051,
    "total_volume": null,
    "average_volume": null,
    "change_percent": -41.04109589041096
  }
}