{
  "stock_code": "603019",
  "analysis_date": "2026-06-30 18:41:13",
  "statistics": {
    "latest_close": 91.84,
    "high": 125.5,
    "low": 20.57,
    "average": 44.6379361953525,
    "total_volume": null,
    "average_volume": null,
    "change_percent": 150.31343690378853
  }
}