{
  "stock_code": "688559",
  "analysis_date": "2026-06-30 16:56:16",
  "statistics": {
    "latest_close": 36.81,
    "high": 105.1,
    "low": 18.05,
    "average": 44.863142448103076,
    "total_volume": null,
    "average_volume": null,
    "change_percent": -52.74711168164313
  }
}