{
  "stock_code": "301071",
  "analysis_date": "2026-06-30 16:46:54",
  "statistics": {
    "latest_close": 42.41,
    "high": 353.0,
    "low": 21.64,
    "average": 88.78814685314687,
    "total_volume": null,
    "average_volume": null,
    "change_percent": 34.634920634920626
  }
}