{
  "stock_code": "002837",
  "analysis_date": "2026-06-30 18:44:04",
  "statistics": {
    "latest_close": 39.03,
    "high": 121.08,
    "low": 11.94,
    "average": 33.091097083151936,
    "total_volume": null,
    "average_volume": null,
    "change_percent": 108.71657754010697
  }
}