{
  "stock_code": "000657",
  "analysis_date": "2026-06-30 16:49:39",
  "statistics": {
    "latest_close": 59.68,
    "high": 98.48,
    "low": 5.05,
    "average": 13.54756605019815,
    "total_volume": null,
    "average_volume": null,
    "change_percent": 272.7670206121174
  }
}