{
  "stock_code": "000960",
  "analysis_date": "2026-06-30 16:49:22",
  "statistics": {
    "latest_close": 40.7,
    "high": 48.8,
    "low": 7.97,
    "average": 15.034990092470279,
    "total_volume": null,
    "average_volume": null,
    "change_percent": 310.28225806451616
  }
}