{
  "stock_code": "688795.SH",
  "analysis_date": "2026-06-30 18:36:36",
  "statistics": {
    "latest_close": 619.65,
    "high": 742.98,
    "low": 505.32,
    "average": 618.4867889908255,
    "total_volume": null,
    "average_volume": null,
    "change_percent": -7.3766816143497795
  }
}