{
  "stock_code": "000977",
  "analysis_date": "2026-06-30 18:41:08",
  "statistics": {
    "latest_close": 74.2,
    "high": 77.38,
    "low": 15.53,
    "average": 32.89234344230012,
    "total_volume": null,
    "average_volume": null,
    "change_percent": 335.1906158357771
  }
}