{
  "stock_code": "688256",
  "analysis_date": "2026-06-30 17:26:45",
  "statistics": {
    "latest_close": 240.29,
    "high": 1868.0,
    "low": 47.3,
    "average": 365.3941910739191,
    "total_volume": null,
    "average_volume": null,
    "change_percent": 257.73410748846214
  }
}